Row Labels,Average of ActualTemp
1,67.14179104
2,68.80882353
3,67.13533835
4,68.13675214
5,67.58219178
6,68.2745098
7,68.19230769
8,67.99090909
9,66.6015625
10,68.1119403
11,67.43478261
12,68.76153846
13,67.40540541
14,67.796875
15,67.80291971
16,67.22142857
17,67.17647059
18,66.88513514
19,69.69230769
20,67
(blank),
Grand Total,67.75595238